{
    "rmse": 0.07042568823338341,
    "mae": 0.04611749231777605,
    "r2": 0.8079344561208656
}