{
    "rmse": 0.07235954467531171,
    "mae": 0.05001515567957725,
    "r2": 0.7972415738175649
}